{"v":"5.7.3","fr":30.00390625,"ip":0,"op":419.998687674977,"w":600,"h":600,"nm":"anima_LP_xappsC","ddd":0,"assets":[{"id":"comp_0","layers":[{"ddd":0,"ind":1,"ty":4,"nm":"mao direita","sr":1,"ks":{"o":{"a":0,"k":100,"ix":11},"r":{"a":1,"k":[{"i":{"x":[0.667],"y":[1]},"o":{"x":[0.333],"y":[0]},"t":5,"s":[0]},{"t":11.9999625049993,"s":[-6]}],"ix":10,"x":"var $bm_rt;\n$bm_rt = loopOut('pingpong');"},"p":{"a":0,"k":[297.888,363.048,0],"ix":2},"a":{"a":0,"k":[5.591,23.208,0],"ix":1},"s":{"a":0,"k":[100,100,100],"ix":6}},"ao":0,"shapes":[{"ty":"gr","it":[{"ind":0,"ty":"sh","ix":1,"ks":{"a":0,"k":{"i":[[-9.213,-5.861],[-0.712,-1.024],[-0.045,-0.622],[0.27,-0.563],[0.737,-0.385],[5.477,-3.049],[1.362,-0.266],[0.726,0.339],[0.501,0.625],[0.497,1.515]],"o":[[1.085,0.615],[0.347,0.518],[0.045,0.621],[-0.461,0.691],[-5.409,3.214],[-1.123,0.815],[-0.802,0.018],[-0.727,-0.34],[-0.998,-1.244],[-6.406,-16.803]],"v":[[15.068,-4.768],[17.068,-2.768],[18.068,-0.768],[18.068,1.232],[16.068,3.232],[-1.932,9.232],[-4.932,11.232],[-7.932,11.232],[-9.932,9.232],[-11.932,5.232]],"c":true},"ix":2},"nm":"Caminho 1","mn":"ADBE Vector Shape - Group","hd":false},{"ty":"fl","c":{"a":0,"k":[0.961000031116,0.877999997606,0.804000016755,1],"ix":4},"o":{"a":0,"k":100,"ix":5},"r":1,"bm":0,"nm":"Preenchimento 1","mn":"ADBE Vector Graphic - Fill","hd":false},{"ty":"tr","p":{"a":0,"k":[18.588,11.821],"ix":2},"a":{"a":0,"k":[0,0],"ix":1},"s":{"a":0,"k":[100,100],"ix":3},"r":{"a":0,"k":0,"ix":6},"o":{"a":0,"k":100,"ix":7},"sk":{"a":0,"k":0,"ix":4},"sa":{"a":0,"k":0,"ix":5},"nm":"Transformar"}],"nm":"Grupo 1","np":2,"cix":2,"bm":0,"ix":1,"mn":"ADBE Vector Group","hd":false}],"ip":4.99998437708306,"op":424.99867205206,"st":4.99998437708306,"bm":0},{"ddd":0,"ind":2,"ty":4,"nm":"mao esquerdo","sr":1,"ks":{"o":{"a":0,"k":100,"ix":11},"r":{"a":1,"k":[{"i":{"x":[0.667],"y":[1]},"o":{"x":[0.333],"y":[0]},"t":0,"s":[0]},{"t":6.99997812791628,"s":[-6]}],"ix":10,"x":"var $bm_rt;\n$bm_rt = loopOut('pingpong');"},"p":{"a":0,"k":[261.554,368.94,0],"ix":2},"a":{"a":0,"k":[1.81,20.88,0],"ix":1},"s":{"a":0,"k":[100,100,100],"ix":6}},"ao":0,"shapes":[{"ty":"gr","it":[{"ind":0,"ty":"sh","ix":1,"ks":{"a":0,"k":{"i":[[-3.037,0.276],[-3.894,-4.793],[-0.091,-0.594],[0.304,-0.438],[4.19,-1.513],[1.941,-1.267],[1.351,-0.344],[1.341,2.648],[-2.958,2.807]],"o":[[6.142,-0.583],[0.41,0.437],[-0.004,0.533],[-2.297,3.824],[-2.18,0.782],[-1.092,0.868],[-2.958,0.444],[-1.538,-2.966],[2.416,-2.225]],"v":[[-1.673,-9.931],[15.327,-3.931],[16.327,-2.931],[16.327,-0.931],[4.327,5.07],[-1.673,8.07],[-5.673,10.07],[-12.673,5.07],[-13.673,-6.931]],"c":true},"ix":2},"nm":"Caminho 1","mn":"ADBE Vector Shape - Group","hd":false},{"ty":"fl","c":{"a":0,"k":[0.961000031116,0.877999997606,0.804000016755,1],"ix":4},"o":{"a":0,"k":100,"ix":5},"r":1,"bm":0,"nm":"Preenchimento 1","mn":"ADBE Vector Graphic - Fill","hd":false},{"ty":"tr","p":{"a":0,"k":[16.881,10.764],"ix":2},"a":{"a":0,"k":[0,0],"ix":1},"s":{"a":0,"k":[100,100],"ix":3},"r":{"a":0,"k":0,"ix":6},"o":{"a":0,"k":100,"ix":7},"sk":{"a":0,"k":0,"ix":4},"sa":{"a":0,"k":0,"ix":5},"nm":"Transformar"}],"nm":"Grupo 1","np":2,"cix":2,"bm":0,"ix":1,"mn":"ADBE Vector Group","hd":false}],"ip":0,"op":419.998687674977,"st":0,"bm":0},{"ddd":0,"ind":3,"ty":4,"nm":"braço direito","sr":1,"ks":{"o":{"a":0,"k":100,"ix":11},"r":{"a":0,"k":0,"ix":10},"p":{"a":0,"k":[224.452,334.377,0],"ix":2},"a":{"a":0,"k":[47.848,38.043,0],"ix":1},"s":{"a":0,"k":[100,100,100],"ix":6}},"ao":0,"shapes":[{"ty":"gr","it":[{"ind":0,"ty":"sh","ix":1,"ks":{"a":0,"k":{"i":[[3.008,-2.175],[0.099,-4.074],[-4.072,-7.341],[-9.989,-4.113],[-20.293,2.194],[0.316,4.792],[0.38,0.506],[0.73,0],[11.833,-0.276],[1.693,0.313],[1.23,0.725],[3.57,9.85],[3.944,7.095],[2.761,1.112]],"o":[[-3.313,2.401],[-0.099,4.074],[3.155,5.708],[2.958,1.22],[-0.128,-4.792],[0.03,-0.632],[-0.513,-0.531],[-11.833,0.049],[-1.718,0.111],[-1.386,-0.345],[-9.131,-5.156],[-2.731,-7.597],[-1.4,-2.529],[-3.244,-1.309]],"v":[[-42.451,-35.456],[-47.451,-25.456],[-39.451,12.544],[-19.451,36.544],[47.55,35.544],[46.55,20.544],[46.55,19.544],[44.55,15.544],[8.549,19.544],[3.549,18.544],[-0.451,17.544],[-18.451,-7.456],[-26.451,-30.456],[-32.451,-36.456]],"c":true},"ix":2},"nm":"Caminho 1","mn":"ADBE Vector Shape - Group","hd":false},{"ty":"fl","c":{"a":0,"k":[0.556999954523,0.13300000359,0.136999990426,1],"ix":4},"o":{"a":0,"k":100,"ix":5},"r":1,"bm":0,"nm":"Preenchimento 1","mn":"ADBE Vector Graphic - Fill","hd":false},{"ty":"tr","p":{"a":0,"k":[47.799,38.014],"ix":2},"a":{"a":0,"k":[0,0],"ix":1},"s":{"a":0,"k":[100,100],"ix":3},"r":{"a":0,"k":0,"ix":6},"o":{"a":0,"k":100,"ix":7},"sk":{"a":0,"k":0,"ix":4},"sa":{"a":0,"k":0,"ix":5},"nm":"Transformar"}],"nm":"Grupo 1","np":2,"cix":2,"bm":0,"ix":1,"mn":"ADBE Vector Group","hd":false}],"ip":0,"op":419.998687674977,"st":0,"bm":0},{"ddd":0,"ind":4,"ty":0,"nm":"cabeça","refId":"comp_1","sr":1,"ks":{"o":{"a":0,"k":100,"ix":11},"r":{"a":1,"k":[{"i":{"x":[0.667],"y":[1]},"o":{"x":[0.333],"y":[0]},"t":0,"s":[0]},{"t":18.9999406329156,"s":[8]}],"ix":10,"x":"var $bm_rt;\n$bm_rt = loopOut('pingpong');"},"p":{"a":0,"k":[208,294,0],"ix":2},"a":{"a":0,"k":[208,294,0],"ix":1},"s":{"a":0,"k":[100,100,100],"ix":6}},"ao":0,"w":600,"h":600,"ip":0,"op":419.998687674977,"st":0,"bm":0},{"ddd":0,"ind":5,"ty":4,"nm":"tronco","sr":1,"ks":{"o":{"a":0,"k":100,"ix":11},"r":{"a":0,"k":0,"ix":10},"p":{"a":0,"k":[198.792,329.022,0],"ix":2},"a":{"a":0,"k":[44.965,45.459,0],"ix":1},"s":{"a":0,"k":[100,100,100],"ix":6}},"ao":0,"shapes":[{"ty":"gr","it":[{"ind":0,"ty":"sh","ix":1,"ks":{"a":0,"k":{"i":[[4.508,-4.08],[1.832,-2.185],[2.721,-6.362],[-1.876,-18.304],[-0.539,-0.963],[-1.351,-0.324],[-3.713,-0.03],[-14.297,0.691],[-1.837,1.245],[-0.706,1.527],[-2.979,7.567],[0,9.127]],"o":[[-2.134,1.893],[-4.388,5.364],[-7.238,16.931],[0.036,1.101],[0.855,1.09],[3.485,1.106],[14.307,0.128],[2.214,-0.109],[1.342,-1.022],[3.842,-7.191],[3.972,-9.878],[0,-22.484]],"v":[[-14.062,-40.024],[-20.062,-34.024],[-30.062,-16.024],[-42.062,36.976],[-41.062,40.976],[-37.062,42.976],[-26.062,43.976],[15.938,42.976],[22.938,41.976],[25.938,37.976],[33.938,14.976],[43.938,-20.024]],"c":true},"ix":2},"nm":"Caminho 1","mn":"ADBE Vector Shape - Group","hd":false},{"ty":"fl","c":{"a":0,"k":[0.862999949736,0.277999997606,0.328999986836,1],"ix":4},"o":{"a":0,"k":100,"ix":5},"r":1,"bm":0,"nm":"Preenchimento 1","mn":"ADBE Vector Graphic - Fill","hd":false},{"ty":"tr","p":{"a":0,"k":[44.188,44.354],"ix":2},"a":{"a":0,"k":[0,0],"ix":1},"s":{"a":0,"k":[100,100],"ix":3},"r":{"a":0,"k":0,"ix":6},"o":{"a":0,"k":100,"ix":7},"sk":{"a":0,"k":0,"ix":4},"sa":{"a":0,"k":0,"ix":5},"nm":"Transformar"}],"nm":"Grupo 1","np":2,"cix":2,"bm":0,"ix":1,"mn":"ADBE Vector Group","hd":false}],"ip":0,"op":419.998687674977,"st":0,"bm":0},{"ddd":0,"ind":6,"ty":4,"nm":"braço esquerdo","sr":1,"ks":{"o":{"a":0,"k":100,"ix":11},"r":{"a":0,"k":0,"ix":10},"p":{"a":0,"k":[266.437,333.939,0],"ix":2},"a":{"a":0,"k":[40.728,35.296,0],"ix":1},"s":{"a":0,"k":[100,100,100],"ix":6}},"ao":0,"shapes":[{"ty":"gr","it":[{"ind":0,"ty":"sh","ix":1,"ks":{"a":0,"k":{"i":[[-4.409,-5.204],[-1.241,-0.862],[-2.089,-0.171],[0,0],[-0.264,-0.173],[-0.081,-0.245],[0.03,-0.257],[1.721,-5.632],[0.332,-0.337],[0.517,0.005],[10.706,0.284],[1.752,0.41],[2.247,2.076],[1.183,2.421],[0.945,3.683],[0.149,3.681],[-0.711,2.447],[-1.555,1.634],[-1.511,0.079],[-3.439,-5.06]],"o":[[0.913,1.197],[1.845,0.984],[0,0],[0.316,0.021],[0.176,0.188],[0.082,0.244],[0.147,5.882],[-0.09,0.461],[-0.428,0.286],[-10.676,0.896],[-1.8,0.024],[-2.982,-0.827],[-4.821,-4.439],[-1.569,-3.469],[-0.994,-3.543],[-0.105,-2.546],[0.529,-2.185],[1.094,-0.984],[1.75,5.904],[3.823,5.64]],"v":[[-2.091,3.858],[0.909,6.858],[6.909,8.858],[38.909,13.858],[39.909,13.858],[39.909,14.858],[39.909,14.858],[37.909,32.858],[36.909,33.858],[35.909,33.858],[2.909,34.858],[-2.091,33.858],[-10.091,28.858],[-35.091,4.858],[-39.091,-6.142],[-33.091,-14.142],[-32.091,-21.142],[-29.091,-27.142],[-28.091,-35.142],[-15.091,-12.142]],"c":true},"ix":2},"nm":"Caminho 1","mn":"ADBE Vector Shape - Group","hd":false},{"ty":"fl","c":{"a":0,"k":[0.556999954523,0.13300000359,0.136999990426,1],"ix":4},"o":{"a":0,"k":100,"ix":5},"r":1,"bm":0,"nm":"Preenchimento 1","mn":"ADBE Vector Graphic - Fill","hd":false},{"ty":"tr","p":{"a":0,"k":[40.335,35.392],"ix":2},"a":{"a":0,"k":[0,0],"ix":1},"s":{"a":0,"k":[100,100],"ix":3},"r":{"a":0,"k":0,"ix":6},"o":{"a":0,"k":100,"ix":7},"sk":{"a":0,"k":0,"ix":4},"sa":{"a":0,"k":0,"ix":5},"nm":"Transformar"}],"nm":"Grupo 1","np":2,"cix":2,"bm":0,"ix":1,"mn":"ADBE Vector Group","hd":false}],"ip":0,"op":419.998687674977,"st":0,"bm":0}]},{"id":"comp_1","layers":[{"ddd":0,"ind":1,"ty":4,"nm":"cabelo","sr":1,"ks":{"o":{"a":0,"k":100,"ix":11},"r":{"a":0,"k":0,"ix":10},"p":{"a":0,"k":[226.35,238.399,0],"ix":2},"a":{"a":0,"k":[37.373,30.392,0],"ix":1},"s":{"a":0,"k":[100,100,100],"ix":6}},"ao":0,"shapes":[{"ty":"gr","it":[{"ind":0,"ty":"sh","ix":1,"ks":{"a":0,"k":{"i":[[-2.217,15.794],[1.554,2.96],[2.961,1.551],[2.844,0.756],[6.83,0.637],[3.042,-6.196],[1.223,-0.298],[0.645,0.19],[2.058,-4.147],[-0.726,-7.449],[-5.528,-4.197],[-0.527,0.448],[-0.036,0.347],[0.147,2.668],[-0.517,1.959],[-2.028,-0.06],[-0.467,-1.83],[0.471,-1.833],[-0.179,0.776],[-4.335,4.665],[-0.345,-1.222],[-0.905,0.225],[-0.887,-0.29],[-1.006,-0.933]],"o":[[0.404,-3.319],[-1.554,-2.96],[-2.635,-1.313],[-6.661,-1.79],[-6.83,-0.636],[-0.557,1.134],[-0.668,0.072],[-4.563,-0.805],[-3.321,6.713],[0.666,6.892],[0.547,0.418],[0.241,-0.252],[0.556,-2.613],[-0.109,-1.989],[0.517,-1.959],[1.879,0],[0.333,1.863],[0.298,0.746],[1.372,-6.246],[0.882,0.913],[0.648,-0.671],[0.906,-0.225],[1.258,0.548],[10.559,8.245]],"v":[[36.661,-4.406],[34.661,-14.406],[27.661,-21.406],[19.661,-24.406],[-0.339,-29.406],[-18.339,-21.406],[-20.339,-18.406],[-22.339,-18.406],[-33.339,-11.406],[-36.339,10.594],[-28.339,28.594],[-26.339,29.594],[-25.339,28.594],[-25.339,20.594],[-25.339,14.594],[-20.339,10.594],[-17.339,14.594],[-17.339,19.594],[-15.339,18.594],[-9.339,0.594],[-7.339,4.594],[-5.339,2.594],[-2.339,2.594],[0.661,5.594]],"c":true},"ix":2},"nm":"Caminho 1","mn":"ADBE Vector Shape - Group","hd":false},{"ty":"fl","c":{"a":0,"k":[0.583999992819,0.255000005984,0.102000000898,1],"ix":4},"o":{"a":0,"k":100,"ix":5},"r":1,"bm":0,"nm":"Preenchimento 1","mn":"ADBE Vector Graphic - Fill","hd":false},{"ty":"tr","p":{"a":0,"k":[37.315,30.292],"ix":2},"a":{"a":0,"k":[0,0],"ix":1},"s":{"a":0,"k":[100,100],"ix":3},"r":{"a":0,"k":0,"ix":6},"o":{"a":0,"k":100,"ix":7},"sk":{"a":0,"k":0,"ix":4},"sa":{"a":0,"k":0,"ix":5},"nm":"Transformar"}],"nm":"Grupo 1","np":2,"cix":2,"bm":0,"ix":1,"mn":"ADBE Vector Group","hd":false}],"ip":0,"op":419.998687674977,"st":0,"bm":0},{"ddd":0,"ind":2,"ty":4,"nm":"cabeça","sr":1,"ks":{"o":{"a":0,"k":100,"ix":11},"r":{"a":0,"k":0,"ix":10},"p":{"a":0,"k":[200.926,296.889,0],"ix":2},"a":{"a":0,"k":[0.47,68.16,0],"ix":1},"s":{"a":0,"k":[100,100,100],"ix":6}},"ao":0,"shapes":[{"ty":"gr","it":[{"ind":0,"ty":"sh","ix":1,"ks":{"a":0,"k":{"i":[[1.189,-5.602],[4.542,-6.944],[2.868,-1.571],[2.711,1.789],[1.483,-0.643],[0.155,-1.153],[-0.437,-2.824],[0.096,-0.81],[0.576,-0.522],[0.768,-0.126],[1.39,0.685],[1.452,1.867],[0.401,2.323],[-0.019,1.582],[-0.264,7.006],[-4.821,5.149],[-3.638,1.564],[-5.911,-0.967],[-1.976,-1.323],[-1.237,-2.024]],"o":[[-1.719,8.082],[-1.657,2.805],[-2.915,1.434],[-1.355,-0.883],[-1.074,0.477],[-0.386,2.83],[0.18,0.795],[-0.196,0.749],[-0.575,0.522],[-1.538,0.214],[-2.162,-0.975],[-1.45,-1.866],[-0.2,-1.57],[-0.153,-7.018],[0.264,-7.006],[2.783,-2.803],[5.423,-2.534],[2.352,0.38],[1.977,1.324],[3.073,4.737]],"v":[[23.058,-11.006],[14.94,11.952],[7.904,18.917],[-1.096,18.87],[-5.086,16.851],[-7.101,19.84],[-7.147,28.84],[-6.157,30.846],[-8.168,32.835],[-10.172,33.825],[-14.168,32.805],[-20.147,28.774],[-23.116,22.758],[-23.09,17.758],[-23.983,-3.247],[-16.88,-23.21],[-7.849,-29.165],[10.171,-33.071],[16.155,-30.041],[21.13,-25.015]],"c":true},"ix":2},"nm":"Caminho 1","mn":"ADBE Vector Shape - Group","hd":false},{"ty":"fl","c":{"a":0,"k":[0.961000031116,0.877999997606,0.804000016755,1],"ix":4},"o":{"a":0,"k":100,"ix":5},"r":1,"bm":0,"nm":"Preenchimento 1","mn":"ADBE Vector Graphic - Fill","hd":false},{"ty":"tr","p":{"a":0,"k":[24.497,34.289],"ix":2},"a":{"a":0,"k":[0,0],"ix":1},"s":{"a":0,"k":[100,100],"ix":3},"r":{"a":0,"k":0,"ix":6},"o":{"a":0,"k":100,"ix":7},"sk":{"a":0,"k":0,"ix":4},"sa":{"a":0,"k":0,"ix":5},"nm":"Transformar"}],"nm":"Grupo 1","np":2,"cix":2,"bm":0,"ix":1,"mn":"ADBE Vector Group","hd":false}],"ip":0,"op":419.998687674977,"st":0,"bm":0}]}],"layers":[{"ddd":0,"ind":1,"ty":4,"nm":"html 2","sr":1,"ks":{"o":{"a":1,"k":[{"i":{"x":[0.833],"y":[0.833]},"o":{"x":[0.167],"y":[0.167]},"t":6,"s":[0]},{"t":15.9999500066658,"s":[100]}],"ix":11},"r":{"a":0,"k":0,"ix":10},"p":{"a":1,"k":[{"i":{"x":0.485,"y":1},"o":{"x":0.534,"y":0},"t":30,"s":[383.472,210.493,0],"to":[0,-2.5,0],"ti":[0,2.5,0]},{"t":80.9997469087455,"s":[383.472,195.493,0]}],"ix":2,"x":"var $bm_rt;\n$bm_rt = loopOut('pingpong');"},"a":{"a":0,"k":[68.791,40.95,0],"ix":1},"s":{"a":0,"k":[100,100,100],"ix":6}},"ao":0,"shapes":[{"ty":"gr","it":[{"ind":0,"ty":"sh","ix":1,"ks":{"a":0,"k":{"i":[[0,0],[-0.533,-0.8],[0,-1],[0.534,-0.867],[0.933,-0.4],[0,0],[0.733,0],[0.667,0.533],[0,0.867],[-1.2,0.667],[0,0],[0,0],[0,1.2],[-0.6,0.533],[-1,0],[-0.8,-0.333]],"o":[[0.933,0.4],[0.534,0.8],[0,1.067],[-0.533,0.8],[0,0],[-0.6,0.267],[-0.933,0],[-0.667,-0.6],[0,-1.133],[0,0],[0,0],[-1.2,-0.533],[0,-0.933],[0.667,-0.6],[0.533,0],[0,0]],"v":[[21.4,-4.55],[23.6,-2.75],[24.4,-0.05],[23.6,2.85],[21.4,4.65],[-19,22.95],[-21,23.35],[-23.4,22.55],[-24.4,20.35],[-22.6,17.65],[16.7,0.05],[-22.6,-17.65],[-24.4,-20.25],[-23.5,-22.45],[-21,-23.35],[-19,-22.85]],"c":true},"ix":2},"nm":"Caminho 1","mn":"ADBE Vector Shape - Group","hd":false},{"ty":"fl","c":{"a":0,"k":[1,1,1,1],"ix":4},"o":{"a":0,"k":100,"ix":5},"r":1,"bm":0,"nm":"Preenchimento 1","mn":"ADBE Vector Graphic - Fill","hd":false},{"ty":"tr","p":{"a":0,"k":[112.931,46.9],"ix":2},"a":{"a":0,"k":[0,0],"ix":1},"s":{"a":0,"k":[100,100],"ix":3},"r":{"a":0,"k":0,"ix":6},"o":{"a":0,"k":100,"ix":7},"sk":{"a":0,"k":0,"ix":4},"sa":{"a":0,"k":0,"ix":5},"nm":"Transformar"}],"nm":"Grupo 1","np":2,"cix":2,"bm":0,"ix":1,"mn":"ADBE Vector Group","hd":false},{"ty":"gr","it":[{"ind":0,"ty":"sh","ix":1,"ks":{"a":0,"k":{"i":[[0,0],[0.6,-0.467],[0.734,0],[0.734,0.667],[0,1],[-0.2,0.533],[0,0],[-0.6,0.467],[-0.733,0],[-0.733,-0.667],[0,-1.067],[0.133,-0.667]],"o":[[-0.267,0.867],[-0.599,0.467],[-0.932,0],[-0.733,-0.667],[0,-0.4],[0,0],[0.268,-0.867],[0.6,-0.467],[0.933,0],[0.733,0.667],[0,0.2],[0,0]],"v":[[-8.5,38],[-9.801,40],[-11.801,40.7],[-14.301,39.7],[-15.4,37.2],[-15.1,35.8],[8.5,-38],[9.799,-40],[11.799,-40.7],[14.299,-39.7],[15.4,-37.1],[15.199,-35.8]],"c":true},"ix":2},"nm":"Caminho 1","mn":"ADBE Vector Shape - Group","hd":false},{"ty":"fl","c":{"a":0,"k":[1,1,1,1],"ix":4},"o":{"a":0,"k":100,"ix":5},"r":1,"bm":0,"nm":"Preenchimento 1","mn":"ADBE Vector Graphic - Fill","hd":false},{"ty":"tr","p":{"a":0,"k":[68.712,40.95],"ix":2},"a":{"a":0,"k":[0,0],"ix":1},"s":{"a":0,"k":[100,100],"ix":3},"r":{"a":0,"k":0,"ix":6},"o":{"a":0,"k":100,"ix":7},"sk":{"a":0,"k":0,"ix":4},"sa":{"a":0,"k":0,"ix":5},"nm":"Transformar"}],"nm":"Grupo 2","np":2,"cix":2,"bm":0,"ix":2,"mn":"ADBE Vector Group","hd":false},{"ty":"gr","it":[{"ind":0,"ty":"sh","ix":1,"ks":{"a":0,"k":{"i":[[0,0],[0,-1.133],[0.667,-0.6],[1,0],[0.599,0.267],[0,0],[0.533,0.8],[0,1.067],[-0.532,0.8],[-0.932,0.4],[0,0],[-0.533,0],[-0.599,-0.6],[0,-0.933],[1.133,-0.6],[0,0]],"o":[[1.133,0.667],[0,0.867],[-0.599,0.533],[-0.734,0],[0,0],[-0.932,-0.4],[-0.532,-0.867],[0,-1],[0.533,-0.8],[0,0],[0.8,-0.333],[1,0],[0.667,0.533],[0,1.133],[0,0],[0,0]],"v":[[22.701,17.65],[24.4,20.35],[23.4,22.55],[21.001,23.35],[19.001,22.95],[-21.4,4.65],[-23.6,2.85],[-24.4,-0.05],[-23.6,-2.75],[-21.4,-4.55],[19.001,-22.85],[21.001,-23.35],[23.4,-22.45],[24.4,-20.25],[22.701,-17.65],[-16.699,0.05]],"c":true},"ix":2},"nm":"Caminho 1","mn":"ADBE Vector Shape - Group","hd":false},{"ty":"fl","c":{"a":0,"k":[1,1,1,1],"ix":4},"o":{"a":0,"k":100,"ix":5},"r":1,"bm":0,"nm":"Preenchimento 1","mn":"ADBE Vector Graphic - Fill","hd":false},{"ty":"tr","p":{"a":0,"k":[24.65,46.9],"ix":2},"a":{"a":0,"k":[0,0],"ix":1},"s":{"a":0,"k":[100,100],"ix":3},"r":{"a":0,"k":0,"ix":6},"o":{"a":0,"k":100,"ix":7},"sk":{"a":0,"k":0,"ix":4},"sa":{"a":0,"k":0,"ix":5},"nm":"Transformar"}],"nm":"Grupo 3","np":2,"cix":2,"bm":0,"ix":3,"mn":"ADBE Vector Group","hd":false}],"ip":29.9999062624983,"op":415.99870017331,"st":-3.99998750166644,"bm":0},{"ddd":0,"ind":2,"ty":4,"nm":"html","sr":1,"ks":{"o":{"a":1,"k":[{"i":{"x":[0.833],"y":[0.833]},"o":{"x":[0.167],"y":[0.167]},"t":10,"s":[0]},{"t":19.9999375083322,"s":[100]}],"ix":11},"r":{"a":0,"k":0,"ix":10},"p":{"a":1,"k":[{"i":{"x":0,"y":1},"o":{"x":0.333,"y":0},"t":0,"s":[383.472,290.493,0],"to":[0,-13.333,0],"ti":[0,13.333,0]},{"t":30.9999031379149,"s":[383.472,210.493,0]}],"ix":2},"a":{"a":0,"k":[68.791,40.95,0],"ix":1},"s":{"a":0,"k":[100,100,100],"ix":6}},"ao":0,"shapes":[{"ty":"gr","it":[{"ind":0,"ty":"sh","ix":1,"ks":{"a":0,"k":{"i":[[0,0],[-0.533,-0.8],[0,-1],[0.534,-0.867],[0.933,-0.4],[0,0],[0.733,0],[0.667,0.533],[0,0.867],[-1.2,0.667],[0,0],[0,0],[0,1.2],[-0.6,0.533],[-1,0],[-0.8,-0.333]],"o":[[0.933,0.4],[0.534,0.8],[0,1.067],[-0.533,0.8],[0,0],[-0.6,0.267],[-0.933,0],[-0.667,-0.6],[0,-1.133],[0,0],[0,0],[-1.2,-0.533],[0,-0.933],[0.667,-0.6],[0.533,0],[0,0]],"v":[[21.4,-4.55],[23.6,-2.75],[24.4,-0.05],[23.6,2.85],[21.4,4.65],[-19,22.95],[-21,23.35],[-23.4,22.55],[-24.4,20.35],[-22.6,17.65],[16.7,0.05],[-22.6,-17.65],[-24.4,-20.25],[-23.5,-22.45],[-21,-23.35],[-19,-22.85]],"c":true},"ix":2},"nm":"Caminho 1","mn":"ADBE Vector Shape - Group","hd":false},{"ty":"fl","c":{"a":0,"k":[1,1,1,1],"ix":4},"o":{"a":0,"k":100,"ix":5},"r":1,"bm":0,"nm":"Preenchimento 1","mn":"ADBE Vector Graphic - Fill","hd":false},{"ty":"tr","p":{"a":0,"k":[112.931,46.9],"ix":2},"a":{"a":0,"k":[0,0],"ix":1},"s":{"a":0,"k":[100,100],"ix":3},"r":{"a":0,"k":0,"ix":6},"o":{"a":0,"k":100,"ix":7},"sk":{"a":0,"k":0,"ix":4},"sa":{"a":0,"k":0,"ix":5},"nm":"Transformar"}],"nm":"Grupo 1","np":2,"cix":2,"bm":0,"ix":1,"mn":"ADBE Vector Group","hd":false},{"ty":"gr","it":[{"ind":0,"ty":"sh","ix":1,"ks":{"a":0,"k":{"i":[[0,0],[0.6,-0.467],[0.734,0],[0.734,0.667],[0,1],[-0.2,0.533],[0,0],[-0.6,0.467],[-0.733,0],[-0.733,-0.667],[0,-1.067],[0.133,-0.667]],"o":[[-0.267,0.867],[-0.599,0.467],[-0.932,0],[-0.733,-0.667],[0,-0.4],[0,0],[0.268,-0.867],[0.6,-0.467],[0.933,0],[0.733,0.667],[0,0.2],[0,0]],"v":[[-8.5,38],[-9.801,40],[-11.801,40.7],[-14.301,39.7],[-15.4,37.2],[-15.1,35.8],[8.5,-38],[9.799,-40],[11.799,-40.7],[14.299,-39.7],[15.4,-37.1],[15.199,-35.8]],"c":true},"ix":2},"nm":"Caminho 1","mn":"ADBE Vector Shape - Group","hd":false},{"ty":"fl","c":{"a":0,"k":[1,1,1,1],"ix":4},"o":{"a":0,"k":100,"ix":5},"r":1,"bm":0,"nm":"Preenchimento 1","mn":"ADBE Vector Graphic - Fill","hd":false},{"ty":"tr","p":{"a":0,"k":[68.712,40.95],"ix":2},"a":{"a":0,"k":[0,0],"ix":1},"s":{"a":0,"k":[100,100],"ix":3},"r":{"a":0,"k":0,"ix":6},"o":{"a":0,"k":100,"ix":7},"sk":{"a":0,"k":0,"ix":4},"sa":{"a":0,"k":0,"ix":5},"nm":"Transformar"}],"nm":"Grupo 2","np":2,"cix":2,"bm":0,"ix":2,"mn":"ADBE Vector Group","hd":false},{"ty":"gr","it":[{"ind":0,"ty":"sh","ix":1,"ks":{"a":0,"k":{"i":[[0,0],[0,-1.133],[0.667,-0.6],[1,0],[0.599,0.267],[0,0],[0.533,0.8],[0,1.067],[-0.532,0.8],[-0.932,0.4],[0,0],[-0.533,0],[-0.599,-0.6],[0,-0.933],[1.133,-0.6],[0,0]],"o":[[1.133,0.667],[0,0.867],[-0.599,0.533],[-0.734,0],[0,0],[-0.932,-0.4],[-0.532,-0.867],[0,-1],[0.533,-0.8],[0,0],[0.8,-0.333],[1,0],[0.667,0.533],[0,1.133],[0,0],[0,0]],"v":[[22.701,17.65],[24.4,20.35],[23.4,22.55],[21.001,23.35],[19.001,22.95],[-21.4,4.65],[-23.6,2.85],[-24.4,-0.05],[-23.6,-2.75],[-21.4,-4.55],[19.001,-22.85],[21.001,-23.35],[23.4,-22.45],[24.4,-20.25],[22.701,-17.65],[-16.699,0.05]],"c":true},"ix":2},"nm":"Caminho 1","mn":"ADBE Vector Shape - Group","hd":false},{"ty":"fl","c":{"a":0,"k":[1,1,1,1],"ix":4},"o":{"a":0,"k":100,"ix":5},"r":1,"bm":0,"nm":"Preenchimento 1","mn":"ADBE Vector Graphic - Fill","hd":false},{"ty":"tr","p":{"a":0,"k":[24.65,46.9],"ix":2},"a":{"a":0,"k":[0,0],"ix":1},"s":{"a":0,"k":[100,100],"ix":3},"r":{"a":0,"k":0,"ix":6},"o":{"a":0,"k":100,"ix":7},"sk":{"a":0,"k":0,"ix":4},"sa":{"a":0,"k":0,"ix":5},"nm":"Transformar"}],"nm":"Grupo 3","np":2,"cix":2,"bm":0,"ix":3,"mn":"ADBE Vector Group","hd":false}],"ip":0,"op":33.9998937641648,"st":0,"bm":0},{"ddd":0,"ind":3,"ty":4,"nm":"notebook","sr":1,"ks":{"o":{"a":0,"k":100,"ix":11},"r":{"a":0,"k":0,"ix":10},"p":{"a":1,"k":[{"i":{"x":0,"y":1},"o":{"x":0.333,"y":0},"t":0,"s":[885.042,330.447,0],"to":[-87.667,0,0],"ti":[87.667,0,0]},{"t":19.9999375083322,"s":[359.042,330.447,0]}],"ix":2},"a":{"a":0,"k":[87.339,36.803,0],"ix":1},"s":{"a":0,"k":[100,100,100],"ix":6}},"ao":0,"shapes":[{"ty":"gr","it":[{"ind":0,"ty":"sh","ix":1,"ks":{"a":0,"k":{"i":[[0,0],[0,0],[0,0],[0.099,0.877],[0.502,0.729],[0.789,0.412],[0.892,-0.001],[0,0],[2.926,-1.968],[1.299,-3.256]],"o":[[0,0],[0,0],[0.328,-0.821],[-0.1,-0.877],[-0.502,-0.729],[-0.789,-0.412],[0,0],[-3.538,-0.002],[-2.926,1.968],[0,0]],"v":[[-59.164,34.501],[33.836,34.501],[58.836,-27.499],[58.836,-29.499],[57.836,-32.499],[56.336,-33.999],[53.836,-34.499],[-20.164,-34.499],[-29.164,-31.499],[-36.164,-23.499]],"c":true},"ix":2},"nm":"Caminho 1","mn":"ADBE Vector Shape - Group","hd":false},{"ty":"fl","c":{"a":0,"k":[0.046999998654,0.383999992819,0.642999985639,1],"ix":4},"o":{"a":0,"k":100,"ix":5},"r":1,"bm":0,"nm":"Preenchimento 1","mn":"ADBE Vector Graphic - Fill","hd":false},{"ty":"tr","p":{"a":0,"k":[114.414,38.855],"ix":2},"a":{"a":0,"k":[0,0],"ix":1},"s":{"a":0,"k":[100,100],"ix":3},"r":{"a":0,"k":0,"ix":6},"o":{"a":0,"k":100,"ix":7},"sk":{"a":0,"k":0,"ix":4},"sa":{"a":0,"k":0,"ix":5},"nm":"Transformar"}],"nm":"Grupo 1","np":2,"cix":2,"bm":0,"ix":1,"mn":"ADBE Vector Group","hd":false},{"ty":"gr","it":[{"ind":0,"ty":"sh","ix":1,"ks":{"a":0,"k":{"i":[[0,0],[0,0],[0,0],[0.104,0.927],[0.526,0.771],[0.828,0.437],[0.937,0],[0,0],[3.067,-2.083],[1.362,-3.44]],"o":[[0,0],[0,0],[0.342,-0.869],[-0.104,-0.927],[-0.527,-0.771],[-0.828,-0.438],[0,0],[-3.713,0.006],[-3.068,2.083],[0,0]],"v":[[-62.171,36.5],[35.829,36.5],[61.829,-28.5],[61.829,-31.5],[60.829,-33.5],[58.829,-35.5],[55.829,-36.5],[-20.171,-36.5],[-31.171,-33.5],[-38.171,-24.5]],"c":true},"ix":2},"nm":"Caminho 1","mn":"ADBE Vector Shape - Group","hd":false},{"ty":"fl","c":{"a":0,"k":[0.004000000393,0.097999999102,0.340999977261,1],"ix":4},"o":{"a":0,"k":100,"ix":5},"r":1,"bm":0,"nm":"Preenchimento 1","mn":"ADBE Vector Graphic - Fill","hd":false},{"ty":"tr","p":{"a":0,"k":[112.421,36.75],"ix":2},"a":{"a":0,"k":[0,0],"ix":1},"s":{"a":0,"k":[100,100],"ix":3},"r":{"a":0,"k":0,"ix":6},"o":{"a":0,"k":100,"ix":7},"sk":{"a":0,"k":0,"ix":4},"sa":{"a":0,"k":0,"ix":5},"nm":"Transformar"}],"nm":"Grupo 2","np":2,"cix":2,"bm":0,"ix":2,"mn":"ADBE Vector Group","hd":false},{"ty":"gr","it":[{"ind":0,"ty":"sh","ix":1,"ks":{"a":0,"k":{"i":[[-3.563,0],[0,0],[0,3.59],[3.563,0],[0,0],[0,-3.591]],"o":[[0,0],[3.563,0],[0,-3.591],[0,0],[-3.563,0],[0,3.59]],"v":[[-64,6.5],[64,6.5],[70,0.5],[64,-6.5],[-64,-6.5],[-70,0.5]],"c":true},"ix":2},"nm":"Caminho 1","mn":"ADBE Vector Shape - Group","hd":false},{"ty":"fl","c":{"a":0,"k":[0.046999998654,0.383999992819,0.642999985639,1],"ix":4},"o":{"a":0,"k":100,"ix":5},"r":1,"bm":0,"nm":"Preenchimento 1","mn":"ADBE Vector Graphic - Fill","hd":false},{"ty":"tr","p":{"a":0,"k":[70.25,66.75],"ix":2},"a":{"a":0,"k":[0,0],"ix":1},"s":{"a":0,"k":[100,100],"ix":3},"r":{"a":0,"k":0,"ix":6},"o":{"a":0,"k":100,"ix":7},"sk":{"a":0,"k":0,"ix":4},"sa":{"a":0,"k":0,"ix":5},"nm":"Transformar"}],"nm":"Grupo 3","np":2,"cix":2,"bm":0,"ix":3,"mn":"ADBE Vector Group","hd":false}],"ip":0,"op":419.998687674977,"st":0,"bm":0},{"ddd":0,"ind":4,"ty":4,"nm":"mask","td":1,"sr":1,"ks":{"o":{"a":0,"k":100,"ix":11},"r":{"a":0,"k":0,"ix":10},"p":{"a":0,"k":[300,300,0],"ix":2},"a":{"a":0,"k":[0,0,0],"ix":1},"s":{"a":0,"k":[100,100,100],"ix":6}},"ao":0,"shapes":[{"ty":"gr","it":[{"ty":"rc","d":1,"s":{"a":0,"k":[489.868,277.968],"ix":2},"p":{"a":0,"k":[0,0],"ix":3},"r":{"a":0,"k":0,"ix":4},"nm":"Caminho do retângulo 1","mn":"ADBE Vector Shape - Rect","hd":false},{"ty":"fl","c":{"a":0,"k":[0.757000014361,0.152999997606,0.176000004189,1],"ix":4},"o":{"a":0,"k":100,"ix":5},"r":1,"bm":0,"nm":"Preenchimento 1","mn":"ADBE Vector Graphic - Fill","hd":false},{"ty":"tr","p":{"a":0,"k":[17.746,-64.205],"ix":2},"a":{"a":0,"k":[0,0],"ix":1},"s":{"a":0,"k":[100,100],"ix":3},"r":{"a":0,"k":0,"ix":6},"o":{"a":0,"k":100,"ix":7},"sk":{"a":0,"k":0,"ix":4},"sa":{"a":0,"k":0,"ix":5},"nm":"Transformar"}],"nm":"Retângulo 1","np":3,"cix":2,"bm":0,"ix":1,"mn":"ADBE Vector Group","hd":false}],"ip":9.99996875416611,"op":429.998656429143,"st":9.99996875416611,"bm":0},{"ddd":0,"ind":5,"ty":4,"nm":"mesa","tt":2,"sr":1,"ks":{"o":{"a":0,"k":100,"ix":11},"r":{"a":0,"k":0,"ix":10},"p":{"a":1,"k":[{"i":{"x":0,"y":1},"o":{"x":0.333,"y":0},"t":10,"s":[279.453,345.004,0],"to":[0,26.5,0],"ti":[0,-26.5,0]},{"t":29.9999062624983,"s":[279.453,504.004,0]}],"ix":2},"a":{"a":0,"k":[135.75,125.361,0],"ix":1},"s":{"a":0,"k":[100,100,100],"ix":6}},"ao":0,"shapes":[{"ty":"gr","it":[{"ind":0,"ty":"sh","ix":1,"ks":{"a":0,"k":{"i":[[0,0],[26.403,3.133],[0,0],[0,0]],"o":[[-23.397,13.998],[0,0],[0,0],[0,0]],"v":[[38,42.809],[-38,60.618],[-38,-63.751],[38,-63.751]],"c":true},"ix":2},"nm":"Caminho 1","mn":"ADBE Vector Shape - Group","hd":false},{"ty":"fl","c":{"a":0,"k":[0.004000000393,0.097999999102,0.340999977261,1],"ix":4},"o":{"a":0,"k":100,"ix":5},"r":1,"bm":0,"nm":"Preenchimento 1","mn":"ADBE Vector Graphic - Fill","hd":false},{"ty":"tr","p":{"a":0,"k":[38.25,64.001],"ix":2},"a":{"a":0,"k":[0,0],"ix":1},"s":{"a":0,"k":[100,100],"ix":3},"r":{"a":0,"k":0,"ix":6},"o":{"a":0,"k":100,"ix":7},"sk":{"a":0,"k":0,"ix":4},"sa":{"a":0,"k":0,"ix":5},"nm":"Transformar"}],"nm":"Grupo 1","np":2,"cix":2,"bm":0,"ix":1,"mn":"ADBE Vector Group","hd":false},{"ty":"gr","it":[{"ind":0,"ty":"sh","ix":1,"ks":{"a":0,"k":{"i":[[0,0],[7.645,0.752],[41.785,-41.845],[11.38,-6.779],[0,0],[0,0]],"o":[[-7.698,0.492],[-43.445,-4.271],[-9.763,9.776],[0,0],[0,0],[0,0]],"v":[[97.5,-7.427],[74.436,-7.797],[-65.636,28.451],[-97.5,53.458],[-97.5,-53.458],[97.5,-53.458]],"c":true},"ix":2},"nm":"Caminho 1","mn":"ADBE Vector Shape - Group","hd":false},{"ty":"fl","c":{"a":0,"k":[0.004000000393,0.204000001795,0.416000007181,1],"ix":4},"o":{"a":0,"k":100,"ix":5},"r":1,"bm":0,"nm":"Preenchimento 1","mn":"ADBE Vector Graphic - Fill","hd":false},{"ty":"tr","p":{"a":0,"k":[173.75,53.708],"ix":2},"a":{"a":0,"k":[0,0],"ix":1},"s":{"a":0,"k":[100,100],"ix":3},"r":{"a":0,"k":0,"ix":6},"o":{"a":0,"k":100,"ix":7},"sk":{"a":0,"k":0,"ix":4},"sa":{"a":0,"k":0,"ix":5},"nm":"Transformar"}],"nm":"Grupo 2","np":2,"cix":2,"bm":0,"ix":2,"mn":"ADBE Vector Group","hd":false}],"ip":9.99996875416611,"op":429.998656429143,"st":9.99996875416611,"bm":0},{"ddd":0,"ind":6,"ty":4,"nm":"mesa","sr":1,"ks":{"o":{"a":0,"k":100,"ix":11},"r":{"a":0,"k":0,"ix":10},"p":{"a":0,"k":[304.453,372.394,0],"ix":2},"a":{"a":0,"k":[179.75,5.75,0],"ix":1},"s":{"a":1,"k":[{"i":{"x":[0,0.667,0.667],"y":[1,1,1]},"o":{"x":[0.333,0.333,0.333],"y":[0,0,0]},"t":5,"s":[0,100,100]},{"t":24.9999218854153,"s":[100,100,100]}],"ix":6}},"ao":0,"shapes":[{"ty":"gr","it":[{"ind":0,"ty":"sh","ix":1,"ks":{"a":0,"k":{"i":[[3.044,0],[0,0],[0,-3.038],[-3.045,0],[0,0],[0,3.037]],"o":[[0,0],[-3.045,0],[0,3.037],[0,0],[3.044,0],[0,-3.038]],"v":[[173.5,-5.5],[-173.5,-5.5],[-179.5,0.5],[-173.5,5.5],[173.5,5.5],[179.5,0.5]],"c":true},"ix":2},"nm":"Caminho 1","mn":"ADBE Vector Shape - Group","hd":false},{"ty":"fl","c":{"a":0,"k":[0.051000000449,0.051000000449,0.211999990426,1],"ix":4},"o":{"a":0,"k":100,"ix":5},"r":1,"bm":0,"nm":"Preenchimento 1","mn":"ADBE Vector Graphic - Fill","hd":false},{"ty":"tr","p":{"a":0,"k":[179.75,5.75],"ix":2},"a":{"a":0,"k":[0,0],"ix":1},"s":{"a":0,"k":[100,100],"ix":3},"r":{"a":0,"k":0,"ix":6},"o":{"a":0,"k":100,"ix":7},"sk":{"a":0,"k":0,"ix":4},"sa":{"a":0,"k":0,"ix":5},"nm":"Transformar"}],"nm":"Grupo 1","np":2,"cix":2,"bm":0,"ix":1,"mn":"ADBE Vector Group","hd":false}],"ip":4.99998437708306,"op":424.99867205206,"st":4.99998437708306,"bm":0},{"ddd":0,"ind":7,"ty":4,"nm":"Camada de forma 1","td":1,"sr":1,"ks":{"o":{"a":0,"k":100,"ix":11},"r":{"a":0,"k":0,"ix":10},"p":{"a":0,"k":[300,303,0],"ix":2},"a":{"a":0,"k":[0,0,0],"ix":1},"s":{"a":0,"k":[100,100,100],"ix":6}},"ao":0,"shapes":[{"ty":"gr","it":[{"ty":"rc","d":1,"s":{"a":0,"k":[149.151,126.527],"ix":2},"p":{"a":0,"k":[0,0],"ix":3},"r":{"a":0,"k":0,"ix":4},"nm":"Caminho do retângulo 1","mn":"ADBE Vector Shape - Rect","hd":false},{"ty":"fl","c":{"a":0,"k":[0.757000014361,0.152999997606,0.176000004189,1],"ix":4},"o":{"a":0,"k":100,"ix":5},"r":1,"bm":0,"nm":"Preenchimento 1","mn":"ADBE Vector Graphic - Fill","hd":false},{"ty":"tr","p":{"a":0,"k":[-99.914,127.549],"ix":2},"a":{"a":0,"k":[0,0],"ix":1},"s":{"a":0,"k":[100,100],"ix":3},"r":{"a":0,"k":0,"ix":6},"o":{"a":0,"k":100,"ix":7},"sk":{"a":0,"k":0,"ix":4},"sa":{"a":0,"k":0,"ix":5},"nm":"Transformar"}],"nm":"Retângulo 1","np":3,"cix":2,"bm":0,"ix":1,"mn":"ADBE Vector Group","hd":false}],"ip":0,"op":419.998687674977,"st":0,"bm":0},{"ddd":0,"ind":8,"ty":4,"nm":"xicara","tt":2,"sr":1,"ks":{"o":{"a":0,"k":100,"ix":11},"r":{"a":0,"k":0,"ix":10},"p":{"a":1,"k":[{"i":{"x":0.025,"y":1},"o":{"x":0.333,"y":0},"t":0,"s":[187.953,408.394,0],"to":[0,-9,0],"ti":[0,9,0]},{"t":19.9999375083322,"s":[187.953,354.394,0]}],"ix":2},"a":{"a":0,"k":[19.25,17.75,0],"ix":1},"s":{"a":0,"k":[100,100,100],"ix":6}},"ao":0,"shapes":[{"ty":"gr","it":[{"ind":0,"ty":"sh","ix":1,"ks":{"a":0,"k":{"i":[[0,0],[0,0],[-1.164,-1.165],[0,-1.648],[0,0],[1.164,-1.165],[1.646,0],[0,0]],"o":[[0,0],[1.646,0],[1.164,1.165],[0,0],[0,1.647],[-1.164,1.165],[0,0],[0,0]],"v":[[-7,-7.5],[1,-7.5],[5,-5.5],[7,-1.5],[7,1.5],[5,5.5],[1,7.5],[-7,7.5]],"c":true},"ix":2},"nm":"Caminho 1","mn":"ADBE Vector Shape - Group","hd":false},{"ty":"st","c":{"a":0,"k":[1,1,1,1],"ix":3},"o":{"a":0,"k":100,"ix":4},"w":{"a":0,"k":3.3,"ix":5},"lc":1,"lj":1,"ml":10,"bm":0,"nm":"Traçado 1","mn":"ADBE Vector Graphic - Stroke","hd":false},{"ty":"tr","p":{"a":0,"k":[31.25,15.75],"ix":2},"a":{"a":0,"k":[0,0],"ix":1},"s":{"a":0,"k":[100,100],"ix":3},"r":{"a":0,"k":0,"ix":6},"o":{"a":0,"k":100,"ix":7},"sk":{"a":0,"k":0,"ix":4},"sa":{"a":0,"k":0,"ix":5},"nm":"Transformar"}],"nm":"Grupo 1","np":2,"cix":2,"bm":0,"ix":1,"mn":"ADBE Vector Group","hd":false},{"ty":"gr","it":[{"ind":0,"ty":"sh","ix":1,"ks":{"a":0,"k":{"i":[[0,0],[0,0],[0,0],[1.411,-1.417],[1.996,0],[0,0],[1.411,1.417],[0,2.004]],"o":[[0,0],[0,0],[0,2.004],[-1.411,1.417],[0,0],[-1.996,0],[-1.411,-1.417],[0,0]],"v":[[-13,-14.5],[13,-14.5],[13,6.5],[11,12.5],[5,14.5],[-5,14.5],[-11,12.5],[-13,6.5]],"c":true},"ix":2},"nm":"Caminho 1","mn":"ADBE Vector Shape - Group","hd":false},{"ty":"fl","c":{"a":0,"k":[1,1,1,1],"ix":4},"o":{"a":0,"k":100,"ix":5},"r":1,"bm":0,"nm":"Preenchimento 1","mn":"ADBE Vector Graphic - Fill","hd":false},{"ty":"tr","p":{"a":0,"k":[13.25,17.75],"ix":2},"a":{"a":0,"k":[0,0],"ix":1},"s":{"a":0,"k":[100,100],"ix":3},"r":{"a":0,"k":0,"ix":6},"o":{"a":0,"k":100,"ix":7},"sk":{"a":0,"k":0,"ix":4},"sa":{"a":0,"k":0,"ix":5},"nm":"Transformar"}],"nm":"Grupo 2","np":2,"cix":2,"bm":0,"ix":2,"mn":"ADBE Vector Group","hd":false}],"ip":0,"op":419.998687674977,"st":0,"bm":0},{"ddd":0,"ind":9,"ty":4,"nm":"Camada de forma 2","td":1,"sr":1,"ks":{"o":{"a":0,"k":100,"ix":11},"r":{"a":0,"k":0,"ix":10},"p":{"a":0,"k":[300,300,0],"ix":2},"a":{"a":0,"k":[0,0,0],"ix":1},"s":{"a":0,"k":[100,100,100],"ix":6}},"ao":0,"shapes":[{"ty":"gr","it":[{"ty":"rc","d":1,"s":{"a":0,"k":[292.165,209.369],"ix":2},"p":{"a":0,"k":[0,0],"ix":3},"r":{"a":0,"k":0,"ix":4},"nm":"Caminho do retângulo 1","mn":"ADBE Vector Shape - Rect","hd":false},{"ty":"fl","c":{"a":0,"k":[0.757000014361,0.152999997606,0.176000004189,1],"ix":4},"o":{"a":0,"k":100,"ix":5},"r":1,"bm":0,"nm":"Preenchimento 1","mn":"ADBE Vector Graphic - Fill","hd":false},{"ty":"tr","p":{"a":0,"k":[-29.951,172.866],"ix":2},"a":{"a":0,"k":[0,0],"ix":1},"s":{"a":0,"k":[100,100],"ix":3},"r":{"a":0,"k":0,"ix":6},"o":{"a":0,"k":100,"ix":7},"sk":{"a":0,"k":0,"ix":4},"sa":{"a":0,"k":0,"ix":5},"nm":"Transformar"}],"nm":"Retângulo 1","np":3,"cix":2,"bm":0,"ix":1,"mn":"ADBE Vector Group","hd":false}],"ip":0,"op":419.998687674977,"st":0,"bm":0},{"ddd":0,"ind":10,"ty":0,"nm":"homem","tt":2,"refId":"comp_0","sr":1,"ks":{"o":{"a":0,"k":100,"ix":11},"r":{"a":0,"k":0,"ix":10},"p":{"a":1,"k":[{"i":{"x":0,"y":1},"o":{"x":0.333,"y":0},"t":0,"s":[300,491,0],"to":[0,-31.833,0],"ti":[0,31.833,0]},{"t":19.9999375083322,"s":[300,300,0]}],"ix":2},"a":{"a":0,"k":[300,300,0],"ix":1},"s":{"a":0,"k":[100,100,100],"ix":6}},"ao":0,"w":600,"h":600,"ip":0,"op":419.998687674977,"st":0,"bm":0},{"ddd":0,"ind":11,"ty":4,"nm":"bolinha laranja","sr":1,"ks":{"o":{"a":0,"k":100,"ix":11},"r":{"a":0,"k":0,"ix":10},"p":{"a":0,"k":[487.706,134.208,0],"ix":2},"a":{"a":0,"k":[35.085,35.085,0],"ix":1},"s":{"a":1,"k":[{"i":{"x":[0,0,0.667],"y":[1,1,1]},"o":{"x":[0.333,0.333,0.333],"y":[0,0,0]},"t":10,"s":[0,0,100]},{"t":29.9999062624983,"s":[100,100,100]}],"ix":6}},"ao":0,"shapes":[{"ty":"gr","it":[{"ind":0,"ty":"sh","ix":1,"ks":{"a":0,"k":{"i":[[-9.283,0],[-5.757,-3.846],[-2.649,-6.396],[1.351,-6.789],[4.895,-4.895],[6.789,-1.351],[6.395,2.649],[3.846,5.756],[0,6.922],[-6.564,6.564]],"o":[[6.922,0],[5.756,3.846],[2.648,6.396],[-1.351,6.79],[-4.896,4.895],[-6.789,1.35],[-6.396,-2.649],[-3.847,-5.756],[0,-9.283],[6.563,-6.564]],"v":[[-0.175,-35.175],[18.824,-29.175],[31.824,-13.175],[33.824,6.825],[24.824,24.825],[6.825,33.825],[-13.175,31.825],[-29.175,18.825],[-35.175,-0.175],[-25.175,-25.175]],"c":true},"ix":2},"nm":"Caminho 1","mn":"ADBE Vector Shape - Group","hd":false},{"ty":"gf","o":{"a":0,"k":100,"ix":10},"r":1,"bm":0,"g":{"p":3,"k":{"a":0,"k":[0,0.859,0.275,0.325,0.637,0.884,0.351,0.257,1,0.91,0.427,0.188],"ix":9}},"s":{"a":0,"k":[-8.213,32.456],"ix":5},"e":{"a":0,"k":[20.534,-41.263],"ix":6},"t":1,"nm":"Preenchimento de gradiente 1","mn":"ADBE Vector Graphic - G-Fill","hd":false},{"ty":"tr","p":{"a":0,"k":[35.425,35.425],"ix":2},"a":{"a":0,"k":[0,0],"ix":1},"s":{"a":0,"k":[100,100],"ix":3},"r":{"a":0,"k":0,"ix":6},"o":{"a":0,"k":100,"ix":7},"sk":{"a":0,"k":0,"ix":4},"sa":{"a":0,"k":0,"ix":5},"nm":"Transformar"}],"nm":"Grupo 1","np":2,"cix":2,"bm":0,"ix":1,"mn":"ADBE Vector Group","hd":false}],"ip":9.99996875416611,"op":429.998656429143,"st":9.99996875416611,"bm":0},{"ddd":0,"ind":12,"ty":4,"nm":"bolinha azul","sr":1,"ks":{"o":{"a":0,"k":100,"ix":11},"r":{"a":0,"k":0,"ix":10},"p":{"a":0,"k":[360.879,506.935,0],"ix":2},"a":{"a":0,"k":[26.25,26.25,0],"ix":1},"s":{"a":1,"k":[{"i":{"x":[0,0,0.667],"y":[1,1,1]},"o":{"x":[0.333,0.333,0.333],"y":[0,0,0]},"t":5,"s":[0,0,100]},{"t":24.9999218854153,"s":[100,100,100]}],"ix":6}},"ao":0,"shapes":[{"ty":"gr","it":[{"ind":0,"ty":"sh","ix":1,"ks":{"a":0,"k":{"i":[[-14.359,0],[0,14.358],[14.358,0],[0,-14.359]],"o":[[14.358,0],[0,-14.359],[-14.359,0],[0,14.358]],"v":[[0,26],[26,0],[0,-26],[-26,0]],"c":true},"ix":2},"nm":"Caminho 1","mn":"ADBE Vector Shape - Group","hd":false},{"ty":"gf","o":{"a":0,"k":100,"ix":10},"r":1,"bm":0,"g":{"p":3,"k":{"a":0,"k":[0.001,0,0.204,0.42,0.637,0,0.312,0.535,1,0,0.42,0.651],"ix":9}},"s":{"a":0,"k":[0.919,-4.027],"ix":5},"e":{"a":0,"k":[21.164,-48.026],"ix":6},"t":1,"nm":"Preenchimento de gradiente 1","mn":"ADBE Vector Graphic - G-Fill","hd":false},{"ty":"tr","p":{"a":0,"k":[26.25,26.25],"ix":2},"a":{"a":0,"k":[0,0],"ix":1},"s":{"a":0,"k":[100,100],"ix":3},"r":{"a":0,"k":0,"ix":6},"o":{"a":0,"k":100,"ix":7},"sk":{"a":0,"k":0,"ix":4},"sa":{"a":0,"k":0,"ix":5},"nm":"Transformar"}],"nm":"Grupo 1","np":2,"cix":2,"bm":0,"ix":1,"mn":"ADBE Vector Group","hd":false}],"ip":4.99998437708306,"op":424.99867205206,"st":4.99998437708306,"bm":0},{"ddd":0,"ind":13,"ty":4,"nm":"batata azul","sr":1,"ks":{"o":{"a":0,"k":100,"ix":11},"r":{"a":0,"k":0,"ix":10},"p":{"a":0,"k":[301.966,286.861,0],"ix":2},"a":{"a":0,"k":[271.469,239.637,0],"ix":1},"s":{"a":1,"k":[{"i":{"x":[0,0,0.667],"y":[1,1,1]},"o":{"x":[0.333,0.333,0.333],"y":[0,0,0]},"t":5,"s":[0,0,100]},{"t":24.9999218854153,"s":[100,100,100]}],"ix":6}},"ao":0,"shapes":[{"ty":"gr","it":[{"ind":0,"ty":"sh","ix":1,"ks":{"a":0,"k":{"i":[[-79.206,11.661],[-12.474,50.429],[-49.625,35.365],[-57.493,-89.994],[31.677,-71.332],[58.964,5.797],[41.802,-41.816],[53.503,33.96]],"o":[[67.334,-9.915],[13.958,-56.427],[62.333,-44.419],[28.386,44.431],[-23.262,52.383],[-43.465,-4.273],[-41.802,41.814],[-59.209,-37.578]],"v":[[-189.736,31.23],[-67.736,-55.771],[-5.736,-191.771],[216.264,-123.771],[237.264,62.23],[92.264,141.23],[-47.736,177.23],[-201.736,202.23]],"c":true},"ix":2},"nm":"Caminho 1","mn":"ADBE Vector Shape - Group","hd":false},{"ty":"gf","o":{"a":0,"k":100,"ix":10},"r":1,"bm":0,"g":{"p":3,"k":{"a":0,"k":[0,0,0.204,0.42,0.637,0,0.312,0.535,1,0,0.42,0.651],"ix":9}},"s":{"a":0,"k":[34.594,25.74],"ix":5},"e":{"a":0,"k":[123.025,-229.688],"ix":6},"t":1,"nm":"Preenchimento de gradiente 1","mn":"ADBE Vector Graphic - G-Fill","hd":false},{"ty":"tr","p":{"a":0,"k":[269.191,236.44],"ix":2},"a":{"a":0,"k":[0,0],"ix":1},"s":{"a":0,"k":[100,100],"ix":3},"r":{"a":0,"k":0,"ix":6},"o":{"a":0,"k":100,"ix":7},"sk":{"a":0,"k":0,"ix":4},"sa":{"a":0,"k":0,"ix":5},"nm":"Transformar"}],"nm":"Grupo 1","np":2,"cix":2,"bm":0,"ix":1,"mn":"ADBE Vector Group","hd":false}],"ip":4.99998437708306,"op":424.99867205206,"st":4.99998437708306,"bm":0},{"ddd":0,"ind":14,"ty":4,"nm":"batata laranja","sr":1,"ks":{"o":{"a":0,"k":100,"ix":11},"r":{"a":0,"k":0,"ix":10},"p":{"a":0,"k":[307.626,315.939,0],"ix":2},"a":{"a":0,"k":[218.13,241.682,0],"ix":1},"s":{"a":1,"k":[{"i":{"x":[0,0,0.667],"y":[1,1,1]},"o":{"x":[0.333,0.333,0.333],"y":[0,0,0]},"t":0,"s":[0,0,100]},{"t":19.9999375083322,"s":[100,100,100]}],"ix":6}},"ao":0,"shapes":[{"ty":"gr","it":[{"ind":0,"ty":"sh","ix":1,"ks":{"a":0,"k":{"i":[[7.706,72.108],[37.786,15.559],[8.851,54.021],[46.691,-12.387],[-6.207,-123.943],[-37.884,-48.042],[-35.781,5.398],[-0.771,12.925],[-62.414,-21.959]],"o":[[-6.892,-64.468],[-37.786,-15.56],[-8.852,-54.022],[-50.501,13.395],[3.952,78.967],[37.884,48.042],[35.78,-5.399],[0.77,-12.926],[74.325,26.151]],"v":[[210.751,64.494],[112.751,-56.506],[28.75,-150.506],[-79.249,-226.506],[-212.249,-37.506],[-135.249,160.494],[-24.249,233.494],[10.75,184.494],[82.751,159.494]],"c":true},"ix":2},"nm":"Caminho 1","mn":"ADBE Vector Shape - Group","hd":false},{"ty":"gf","o":{"a":0,"k":100,"ix":10},"r":1,"bm":0,"g":{"p":3,"k":{"a":0,"k":[0,0.859,0.275,0.325,0.637,0.884,0.351,0.257,1,0.91,0.427,0.188],"ix":9}},"s":{"a":0,"k":[-139.68,219.956],"ix":5},"e":{"a":0,"k":[-23.935,5.648],"ix":6},"t":1,"nm":"Preenchimento de gradiente 1","mn":"ADBE Vector Graphic - G-Fill","hd":false},{"ty":"tr","p":{"a":0,"k":[218.707,239.143],"ix":2},"a":{"a":0,"k":[0,0],"ix":1},"s":{"a":0,"k":[100,100],"ix":3},"r":{"a":0,"k":0,"ix":6},"o":{"a":0,"k":100,"ix":7},"sk":{"a":0,"k":0,"ix":4},"sa":{"a":0,"k":0,"ix":5},"nm":"Transformar"}],"nm":"Grupo 1","np":2,"cix":2,"bm":0,"ix":1,"mn":"ADBE Vector Group","hd":false}],"ip":0,"op":419.998687674977,"st":0,"bm":0}],"markers":[]}